,page_id,0
id,34839376970,16
id,58895017663,14
id,117001009126,32
id,100198778518392,22
id,100257651988705,259
id,100330785132565,111
id,100372761998126,76
id,100386664728880,11
id,100649128244355,66
id,100667365286868,49
id,100685622016966,18
id,101311221694306,27
id,101720841658652,39
id,101816778261420,392
id,101892898786829,1
id,102016708354878,60
id,102098544497318,20
id,102138138335502,32
id,102344912019605,228
id,102533848285908,55
id,102673481661276,48
id,103029921716893,193
id,103105511704815,94
id,103215578466089,91
id,103218915010607,34
id,103332505036849,30
id,103548778388958,22
id,103770648368639,97
id,103807051866147,78
id,103899138320288,110
id,103903134990350,12
id,104628238147151,27
id,104938247754336,12
id,106180834755385,83
id,106417418305803,26
id,106775297428865,66
id,106846268009745,32
id,106854614088402,90
id,106968764921490,50
id,107202871320408,25
id,107204894072263,15
id,107378318175855,31
id,107507580716294,40
id,107674917831466,44
id,107850294470186,25
id,107912051341245,50
id,108008647768570,82
id,108063927782769,15
id,108143704453362,59
id,108198570574884,54
id,109091011430956,7
id,109101387687973,6
id,109192677992923,242
id,109614831277046,46
id,109789794548552,69
id,110542577757410,16
id,111470355596678,12
id,111742210321219,150
id,111756757285776,3
id,111816763739659,7
id,112315540399875,165
id,112652230539548,1
id,112755042067857,31
id,112992267268835,35
id,113857973395461,16
id,114450806989403,5
id,114869120240314,19
id,115014573270088,32
id,116832580445194,9
id,116937091779490,6
id,119723768043679,54
id,120608763182000,52
id,121135514583662,42
id,121759302958701,18
id,124560987619120,36
id,133074956714225,17
id,133644486670469,7
id,140765589379192,4
id,142062936237878,380
id,143175009597452,60
id,161170137278613,2
id,163612560674668,45
id,165365681856956,32
id,165837734193099,66
id,169154336444354,69
id,169741473678417,141
id,173144229408518,12
id,191569760893836,1
id,214114562821852,4
id,233943790279421,136
id,236240533617906,25
id,242212052635794,41
id,242483566108002,64
id,248986568895243,11
id,251694484848356,81
id,253615198009828,3
id,257921784254554,44
id,264223880347121,14
id,271385249897782,33
id,279474542534783,5
id,314495422404390,2
id,317875174912143,5
id,319226058479847,23
id,319749898114045,5
id,319944412781748,40
id,325409054278267,9
id,346354539205278,167
id,354279831422895,8
id,362634630565676,2
id,397709203763895,104
id,404055736443363,93
id,424028077806278,25
id,432950953564544,79
id,455802295156178,20
id,456858074508608,64
id,461756940672455,34
id,462790453744032,441
id,484861495269792,14
id,495706950531442,85
id,506111559721201,1
id,531332587225016,3
id,540615902771585,38
id,610541935945465,183
id,643403425797969,27
id,687691121319854,36
id,721209661258478,18
id,729149373915986,6
id,746974488735711,50
id,793399240790250,95
id,887873504612353,29
id,956663201099385,8
id,996199500463446,11
id,1193751930654464,243
id,1413556535603177,32
id,1430609120516628,49
id,1484332041689680,9
id,1533235346996708,44
id,1538852096428300,345
id,1573884479501568,11
id,1593009867670226,35
id,1629211737145398,12
id,1648539058728237,1
id,1701687773439212,53
id,1714025882234497,1
id,1950868351861257,34
id,2123223541294131,198
id,2243526259054575,55
id,2263394060603974,12
id,2271299249773092,46
